{
  "wake_auc": 0.9997724917632054,
  "far_at_frr2pct": 0.0016108247422680412,
  "far_noise@0.5": 0.001288659793814433,
  "far_other@0.5": 0.00902061855670103,
  "other_vs_noise_acc": 0.9516752577319587,
  "model": "dscnn_m",
  "params": 28931,
  "test_acc": 0.9656357388316151,
  "train_s": 456.4,
  "epochs": 60
}