{
  "wake_auc": 0.9996126547720268,
  "far_at_frr2pct": 0.005154639175257732,
  "far_noise@0.5": 0.001288659793814433,
  "far_other@0.5": 0.011597938144329897,
  "other_vs_noise_acc": 0.9413659793814433,
  "model": "dscnn_s",
  "params": 14739,
  "test_acc": 0.9574742268041238,
  "train_s": 207.6,
  "epochs": 60
}