{
  "wake_auc": 0.9999202890849188,
  "far_at_frr2pct": 0.00032216494845360824,
  "far_noise@0.5": 0.0019329896907216496,
  "far_other@0.5": 0.009664948453608248,
  "other_vs_noise_acc": 0.9461984536082474,
  "model": "cnn_trad",
  "params": 1707395,
  "test_acc": 0.9630584192439863,
  "train_s": 164.1,
  "epochs": 60
}