{
  "wake_auc": 0.9993477820437879,
  "far_at_frr2pct": 0.0032216494845360823,
  "far_noise@0.5": 0.004510309278350515,
  "far_other@0.5": 0.009664948453608248,
  "other_vs_noise_acc": 0.9368556701030928,
  "model": "tc_resnet8",
  "params": 65011,
  "test_acc": 0.9566151202749141,
  "train_s": 221.1,
  "epochs": 60
}