{
 "arm": "conventional",
 "partial": false,
 "files": 343949,
 "failed": 0,
 "hours": 413.6731605729522,
 "fa_by_threshold": {
  "0.4": 38,
  "0.42": 38,
  "0.44": 37,
  "0.46": 30,
  "0.48": 21,
  "0.5": 16,
  "0.52": 15,
  "0.54": 12,
  "0.56": 11,
  "0.58": 9,
  "0.6": 8,
  "0.62": 3,
  "0.64": 1,
  "0.66": 0,
  "0.68": 0,
  "0.7": 0,
  "0.72": 0,
  "0.74": 0,
  "0.76": 0,
  "0.78": 0,
  "0.8": 0,
  "0.82": 0,
  "0.84": 0,
  "0.86": 0,
  "0.88": 0,
  "0.9": 0
 },
 "decision_params": {
  "alpha": 0.3,
  "threshold_down": 0.3,
  "margin_min": 0.2,
  "cooldown": 7
 },
 "elapsed_min": 218.89269041617712
}