{
 "arm": "micaugment",
 "partial": false,
 "files": 343949,
 "failed": 0,
 "hours": 413.6731605729522,
 "fa_by_threshold": {
  "0.4": 29,
  "0.42": 29,
  "0.44": 28,
  "0.46": 26,
  "0.48": 23,
  "0.5": 18,
  "0.52": 16,
  "0.54": 14,
  "0.56": 11,
  "0.58": 5,
  "0.6": 5,
  "0.62": 3,
  "0.64": 1,
  "0.66": 1,
  "0.68": 1,
  "0.7": 1,
  "0.72": 1,
  "0.74": 1,
  "0.76": 1,
  "0.78": 1,
  "0.8": 0,
  "0.82": 0,
  "0.84": 0,
  "0.86": 0,
  "0.88": 0,
  "0.9": 0
 },
 "decision_params": {
  "alpha": 0.3,
  "threshold_down": 0.3,
  "margin_min": 0.2,
  "cooldown": 7
 },
 "elapsed_min": 218.89269913832348
}