{
 "arm": "measured_filter",
 "partial": false,
 "files": 343949,
 "failed": 0,
 "hours": 413.6731605729522,
 "fa_by_threshold": {
  "0.4": 15,
  "0.42": 14,
  "0.44": 10,
  "0.46": 6,
  "0.48": 3,
  "0.5": 3,
  "0.52": 2,
  "0.54": 2,
  "0.56": 1,
  "0.58": 1,
  "0.6": 1,
  "0.62": 0,
  "0.64": 0,
  "0.66": 0,
  "0.68": 0,
  "0.7": 0,
  "0.72": 0,
  "0.74": 0,
  "0.76": 0,
  "0.78": 0,
  "0.8": 0,
  "0.82": 0,
  "0.84": 0,
  "0.86": 0,
  "0.88": 0,
  "0.9": 0
 },
 "decision_params": {
  "alpha": 0.3,
  "threshold_down": 0.3,
  "margin_min": 0.2,
  "cooldown": 7
 },
 "elapsed_min": 218.89268948237103
}