{
 "arm": "eq_agnostic",
 "partial": false,
 "files": 343949,
 "failed": 0,
 "hours": 413.6731605729522,
 "fa_by_threshold": {
  "0.4": 159,
  "0.42": 155,
  "0.44": 139,
  "0.46": 109,
  "0.48": 73,
  "0.5": 50,
  "0.52": 27,
  "0.54": 15,
  "0.56": 9,
  "0.58": 6,
  "0.6": 3,
  "0.62": 2,
  "0.64": 0,
  "0.66": 0,
  "0.68": 0,
  "0.7": 0,
  "0.72": 0,
  "0.74": 0,
  "0.76": 0,
  "0.78": 0,
  "0.8": 0,
  "0.82": 0,
  "0.84": 0,
  "0.86": 0,
  "0.88": 0,
  "0.9": 0
 },
 "decision_params": {
  "alpha": 0.3,
  "threshold_down": 0.3,
  "margin_min": 0.2,
  "cooldown": 7
 },
 "elapsed_min": 218.89269795020422
}